insert into employee (id, middle_name, name, post, surname) values
(1,'Petrovich','Anton','Middle','Smirnov'),
(2,'Yegorovich','Alexey','Junior','Petrov'),
(3,'Vyacheslavovich','Ivan','Middle','Markov'),
(4,'Yuryevich','Fedor','Junior','Efimov'),
(5,'Mikhaylovich','Petr','Senior','Gromov'),
(6,'Vasilyevich','Vladimir','TeamLead','Lukin'),
(7,'Valeryevich','Oleg','TeamLead','Potapov'),
(8,'Vladimirovich','Yegor','Junior','Nosov'),
(9,'Aleksandrovich','Nikita','Senior','Grishin'),
(10,'Edouardovich','Vladislav','TeamLead','Naumov'),
(11,'Yevgenyevich','Sergey','Junior','Orlov'),
(12,'Viktorovich','Timofey','Middle','Avdeev'),
(13,'Sergeyevich','Yan','TeamLead','Isaev'),
(14,'Alekseevich','Nikolai','Junior','Nazarov'),
(15,'Igorevich','Mikhail','Middle','Matveev'),
(16,'Bogdanovich','Maksim','Junior','Nikitin'),
(17,'Petrovich','Ilya','TeamLead','Romanov'),
(18,'Vladimirovich','Kirill','Senior','Borisov'),
(19,'Anatolyevich','Konstantin','Junior','Popov'),
(20,'Olegovich','Pavel','TeamLead','Ivanov');

insert into project (id, abbreviation, description, title) VALUES
(1,'AAN','description 1','Java'),
(2,'AB','description 3','Kotlin'),
(3,'AC','description 5','Spring'),
(4,'ADC','description 101','Postgres'),
(5,'BA','description 14','Android'),
(6,'BB','description 41','Mysql'),
(7,'BCT','description 521','Scala'),
(8,'BD','description 100','C++'),
(9,'CA','description 93','JSF'),
(10,'CB','description 35','Python');

insert into task (id, end_date, hours, start_date, status, title, project_id) VALUES
(1,'2022-04-15',4,'2021-04-13','postponed','write code',1),
(2,'2022-04-23',5,'2020-04-30','not_started','read article',1),
(3,'2023-05-27',12,'2021-09-19','completed','add validation',1),
(4,'2022-04-14',48,'2020-01-01','not_started','add config',2),
(5,'2023-10-02',15,'2020-09-22','postponed','sleep',3),
(6,'2023-04-21',1,'2021-10-16','not_started','read book',3),
(7,'2022-11-09',100,'2020-12-11','in_process','populate db',4),
(8,'2023-04-26',31,'2021-04-03','postponed','watch tutorial',5),
(9,'2023-04-11',16,'2019-07-22','not_started','send emails',5),
(10,'2024-03-12',7,'2021-02-28','in_process','learn english',6),
(11,'2022-08-04',6,'2020-04-19','completed','update information',7),
(12,'2022-04-28',37,'2021-10-25','not_started','download program',7),
(13,'2022-01-17',70,'2020-06-11','postponed','write algorithm',8),
(14,'2023-04-05',3,'2021-03-23','completed','change database',8),
(15,'2022-12-09',5,'2021-08-08','not_started','launch new project version',9),
(16,'2022-08-30',4,'2020-09-17','not_started','add new framework',9),
(17,'2023-11-06',20,'2021-01-18','completed','make a code refactoring',9),
(18,'2023-04-17',1,'2020-10-20','in_process','write tests',9),
(19,'2022-05-22',15,'2021-04-04','not_started','add bootstrap',10),
(20,'2022-07-28',2,'2020-07-27','completed','handle errors',10);

insert into task_employee (employee_id, task_id) VALUES
(1,1),(1,2),(2,3),(3,4),(3,5),(3,6),(4,7),(4,8),(5,9),
(6,10),(7,11),(8,12),(8,13),(9,14),(9,15),(10,16),
(11,17),(11,18),(11,19),(12,20),(13,11),(13,10),(14,9),
(15,8),(16,7),(17,6),(17,5),(18,4),(18,3),(19,2),(20,1);